"1"|"1"
"2"|"2"
"3"|"3"
"4"|"4"
"5"|"5"
"6"|"6"
"7"|"7"
"8"|"8"
"9"|"9"
"10"|"Дни недели и календарь"
"11"|"О книгах"
"12"|"О нотах"
"13"|"Придуманные детьми"
"14"|"3 года"
"15"|"4 года"
"16"|"5 лет"
"17"|"6 лет"
"18"|"7 лет"
"19"|"Cпутник"
"20"|"А"
"21"|"Абажур"
"22"|"Абрикос"
"23"|"Август"
"24"|"Авокадо"
"25"|"Австралия"
"26"|"Австрия"
"27"|"Автобус"
"28"|"Автомобиль"
"29"|"Авторские загадки"
"30"|"Агроном"
"31"|"Азбука"
"32"|"Аир"
"33"|"Аист"
"34"|"Айболит"
"35"|"Айсберг"
"36"|"Аквариум"
"37"|"Актер"
"38"|"Акула"
"39"|"Алидада"
"40"|"Алиса"
"41"|"Алоэ"
"42"|"Алфавит"
"43"|"Альбатрос"
"44"|"Альпинист"
"45"|"Ананас"
"46"|"Анапа"
"47"|"Анатомия"
"48"|"Англия"
"49"|"Анестезиолог"
"50"|"Антарктида"
"51"|"Антенна"
"52"|"Антилопа"
"53"|"Антифразы"
"54"|"Анютины глазки"
"55"|"Апельсин"
"56"|"Апрель"
"57"|"Арбитр"
"58"|"Арбуз"
"59"|"Арктика"
"60"|"Армия"
"61"|"Артист"
"62"|"Арфа"
"63"|"Архар"
"64"|"Астроном"
"65"|"Астрономия"
"66"|"Астры"
"67"|"Африка"
"68"|"Аэропорт"
"69"|"Б"
"70"|"Баба Яга"
"71"|"Бабочка"
"72"|"Бабушка"
"73"|"Бабье лето"
"74"|"Бадминтон"
"75"|"Базилик"
"76"|"Баклажан"
"77"|"Балалайка"
"78"|"Балкон"
"79"|"Банан"
"80"|"Бантик"
"81"|"Баня"
"82"|"Баобаб"
"83"|"Барабан"
"84"|"Баран"
"85"|"Баранки"
"86"|"Барбарис"
"87"|"Бариста"
"88"|"Барракуда"
"89"|"Баскетбол"
"90"|"Басня"
"91"|"Батарея"
"92"|"Баян"
"93"|"Бегемот"
"94"|"Безопасность"
"95"|"Без рубрики"
"96"|"Белка"
"97"|"Белоснежка"
"98"|"Белый гриб"
"99"|"Белый Медведь"
"100"|"Берега"
"101"|"Берёза"
"102"|"Берлога"
"103"|"Биатлон"
"104"|"Библейские загадки"
"105"|"Библиотека"
"106"|"Бигуди"
"107"|"Билет"
"108"|"Бильярд"
"109"|"Блины"
"110"|"Блокада"
"111"|"Блоха"
"112"|"Блюз"
"113"|"Бобер"
"114"|"Бобовые"
"115"|"Боги"
"116"|"Богомол"
"117"|"Божья коровка"
"118"|"Бокс"
"119"|"Болезни"
"120"|"Болото"
"121"|"Больница"
"122"|"Борец"
"123"|"Боровик"
"124"|"Борщевик"
"125"|"Ботинки"
"126"|"Бочка"
"127"|"Брат"
"128"|"Брест"
"129"|"Бритва"
"130"|"Брови"
"131"|"Брокер"
"132"|"Брокколи"
"133"|"Броненосец"
"134"|"Брусника"
"135"|"Бубенцы"
"136"|"Бублик"
"137"|"Будильник"
"138"|"Будка"
"139"|"Букварь"
"140"|"Буквы"
"141"|"Булавка"
"142"|"Бульдог"
"143"|"Бульдозер"
"144"|"Буратино"
"145"|"Бурундук"
"146"|"Буфет"
"147"|"Бухгалтер"
"148"|"Бухта"
"149"|"Бык"
"150"|"Бытовая техника"
"151"|"Бытовые приборы"
"152"|"В"
"153"|"В мире животных"
"154"|"Ваза"
"155"|"Валенки"
"156"|"Ванна"
"157"|"Ванная комната"
"158"|"Варежки"
"159"|"Варенье"
"160"|"Василек"
"161"|"Вассал"
"162"|"Вафли"
"163"|"Ведро"
"164"|"Веер"
"165"|"Велосипед"
"166"|"Велюр"
"167"|"Венера"
"168"|"Венерин башмачок"
"169"|"Венеция"
"170"|"Вензель"
"171"|"Веник"
"172"|"Венчик"
"173"|"Верба"
"174"|"Верблюд"
"175"|"Вереск"
"176"|"Вероятность"
"177"|"Вертолёт"
"178"|"Весна"
"179"|"Веснушки"
"180"|"Весы"
"181"|"Ветер"
"182"|"Ветеринар"
"183"|"Вечер"
"184"|"Вешалка"
"185"|"Взвешивание"
"186"|"Вилка"
"187"|"Винегрет"
"188"|"Винни-Пух"
"189"|"Виноград"
"190"|"Виолончели"
"191"|"Вихрь"
"192"|"Вишня"
"193"|"В картинках"
"194"|"Вкусно!"
"195"|"Внимательность"
"196"|"Вода"
"197"|"Водитель"
"198"|"Водолаз"
"199"|"Водомерки"
"200"|"Водопад"
"201"|"Водоросли"
"202"|"Военная форма"
"203"|"Военные"
"204"|"Военные загадки"
"205"|"Военные профессии"
"206"|"Воздух"
"207"|"Воздушный змей"
"208"|"Воздушный транспорт"
"209"|"Воздушный шар"
"210"|"Возраст"
"211"|"Воинские звания"
"212"|"Волк"
"213"|"Волнушки"
"214"|"Волны"
"215"|"Волосы"
"216"|"Воробей"
"217"|"Вороны"
"218"|"Воск"
"219"|"Воскресенье"
"220"|"Воспитатель"
"221"|"Врач"
"222"|"Времена года"
"223"|"Время"
"224"|"Вселенная"
"225"|"Вулкан"
"226"|"Выключатель"
"227"|"Выпь"
"228"|"Вьюга"
"229"|"Вьюнок"
"230"|"Г"
"231"|"Гагара"
"232"|"Гадание"
"233"|"Газета"
"234"|"Газировка"
"235"|"Галаго"
"236"|"Галоши"
"237"|"Галстук"
"238"|"Гамак"
"239"|"Гараж"
"240"|"Гардероб"
"241"|"Гармонь"
"242"|"Гвозди"
"243"|"Гвоздика"
"244"|"Гейзер"
"245"|"Генерал"
"246"|"География"
"247"|"Геолог"
"248"|"Геометрические фигуры"
"249"|"Геометрия"
"250"|"Георгины"
"251"|"Гепард"
"252"|"Герань"
"253"|"Герб"
"254"|"Герои книг"
"255"|"Герои мультфильмов"
"256"|"Герои сказок"
"257"|"Гигиена"
"258"|"Гинеколог"
"259"|"Гитара"
"260"|"Гладиолусы"
"261"|"Глаза"
"262"|"Глиссер"
"263"|"Глобус"
"264"|"Глухарь"
"265"|"Гнездо"
"266"|"Гном"
"267"|"Гоацин"
"268"|"Голец"
"269"|"Голова"
"270"|"Головастик"
"271"|"Головные уборы"
"272"|"Головоломки"
"273"|"Голубика"
"274"|"Голубь"
"275"|"Горизонт"
"276"|"Горн"
"277"|"Города"
"278"|"Гороскоп"
"279"|"Горох"
"280"|"Горчица"
"281"|"Горы"
"282"|"Грабли"
"283"|"Град"
"284"|"Градусник"
"285"|"Грач"
"286"|"Грехи"
"287"|"Гречиха"
"288"|"Грибы"
"289"|"Гримёр"
"290"|"Гриф"
"291"|"Гроза"
"292"|"Гром"
"293"|"Грудь"
"294"|"Груздь"
"295"|"Груша"
"296"|"Губы"
"297"|"Гудвин"
"298"|"Гусеница"
"299"|"Гусь"
"300"|"Д"
"301"|"Дальний Восток"
"302"|"ДаНетки с ответами"
"303"|"Дверь"
"304"|"Дворник"
"305"|"Дед Мороз"
"306"|"Дедушка"
"307"|"Декабрь"
"308"|"Декрет"
"309"|"Дельфины"
"310"|"День"
"311"|"Деньги"
"312"|"День защитника Отечества"
"313"|"День и ночь"
"314"|"Деревья"
"315"|"Детективные"
"316"|"Детективные загадки"
"317"|"Дети"
"318"|"Детские загадки"
"319"|"Детские загадки о еде"
"320"|"Детские загадки про праздники"
"321"|"Детский мир"
"322"|"Диван"
"323"|"Диета"
"324"|"Дикие животные"
"325"|"Дикобраз"
"326"|"Диктор"
"327"|"Дневник"
"328"|"Дни недели"
"329"|"Доброта"
"330"|"Дождевик(гриб)"
"331"|"Дождь"
"332"|"Дом"
"333"|"Домашние животные"
"334"|"Домашняя утварь"
"335"|"Домино"
"336"|"Дорога"
"337"|"Дорожные знаки"
"338"|"Дочка"
"339"|"Древесина"
"340"|"Дрель"
"341"|"Дроби"
"342"|"Дрожжи"
"343"|"Дрозды"
"344"|"Дружба"
"345"|"Дуб"
"346"|"Душ"
"347"|"Душица"
"348"|"Дым"
"349"|"Дыня"
"350"|"Дыхание"
"351"|"Дюймовочка"
"352"|"Дягиль"
"353"|"Дядя"
"354"|"Дятел"
"355"|"Е"
"356"|"Евразия"
"357"|"Еда"
"358"|"Единицы измерения"
"359"|"Ежевика"
"360"|"Ёжик"
"361"|"Ёлка"
"362"|"Емеля"
"363"|"Енот"
"364"|"Ёрш"
"365"|"Ехидна"
"366"|"Ж"
"367"|"Жаба"
"368"|"Жаворонок"
"369"|"Жар-птица"
"370"|"Желе"
"371"|"Железная дорога"
"372"|"Железо"
"373"|"Жёлудь"
"374"|"Жена"
"375"|"Женщина"
"376"|"Жерех"
"377"|"Живот"
"378"|"Животные"
"379"|"Животные из Красной книги"
"380"|"Животный мир"
"381"|"Жизнь"
"382"|"Жилет"
"383"|"Жилища зверей"
"384"|"Жилье животных"
"385"|"Жираф"
"386"|"Жук"
"387"|"Журавли"
"388"|"З"
"389"|"Загадки"
"390"|"Загадки  про осень"
"391"|"Загадки Бориса Заходера"
"392"|"Загадки в рифму"
"393"|"Загадки для  7 лет"
"394"|"Загадки для 1 класса"
"395"|"Загадки для 10 лет"
"396"|"Загадки для 2 класса"
"397"|"Загадки для 4 лет"
"398"|"Загадки для 5 класса"
"399"|"Загадки для 5 лет"
"400"|"Загадки для 6 лет"
"401"|"Загадки для взрослых"
"402"|"Загадки для возраста от 3 лет"
"403"|"Загадки для девочек"
"404"|"Загадки для детей 3 лет"
"405"|"Загадки для детей 4 лет"
"406"|"Загадки для детей 5 лет"
"407"|"Загадки для детей 6 лет"
"408"|"Загадки для детей 7 лет"
"409"|"Загадки для детей 8 лет"
"410"|"Загадки для детей 9 лет"
"411"|"Загадки для детей до 10 лет"
"412"|"Загадки для детей до 12 лет"
"413"|"Загадки для детского сада"
"414"|"Загадки для малышей"
"415"|"Загадки для мальчиков"
"416"|"Загадки для подростков"
"417"|"Загадки для самых маленьких"
"418"|"Загадки для школьников"
"419"|"Загадки Ивановой про все на свете"
"420"|"Загадки из Мурзилки"
"421"|"Загадки Маршака"
"422"|"Загадки на 23 февраля"
"423"|"Загадки на 8 Марта"
"424"|"Загадки на английском"
"425"|"Загадки на букву «А»"
"426"|"Загадки на букву «Б»"
"427"|"Загадки на букву «В»"
"428"|"Загадки на букву «Г»"
"429"|"Загадки на букву «Д»"
"430"|"Загадки на букву «Е»"
"431"|"Загадки на букву «Ё»"
"432"|"Загадки на букву «Ж»"
"433"|"Загадки на букву «З»"
"434"|"Загадки на букву «И»"
"435"|"Загадки на букву «К»"
"436"|"Загадки на букву «Л»"
"437"|"Загадки на букву «М»"
"438"|"Загадки на букву «Н»"
"439"|"Загадки на букву «О»"
"440"|"Загадки на букву «П»"
"441"|"Загадки на букву «Р»"
"442"|"Загадки на букву «С»"
"443"|"Загадки на букву «Т»"
"444"|"Загадки на букву «У»"
"445"|"Загадки на букву «Ф»"
"446"|"Загадки на букву «Х»"
"447"|"Загадки на букву «Ц»"
"448"|"Загадки на букву «Ч»"
"449"|"Загадки на букву «Ш»"
"450"|"Загадки на букву «Щ»"
"451"|"Загадки на букву «Э»"
"452"|"Загадки на букву «Ю»"
"453"|"Загадки на букву «Я»"
"454"|"Загадки на внимательность"
"455"|"Загадки на день рождение"
"456"|"Загадки на день рождения"
"457"|"Загадки на логику"
"458"|"Загадки на праздник для детей"
"459"|"Загадки на разные темы"
"460"|"Загадки о буквах"
"461"|"Загадки о велосипеде"
"462"|"Загадки о весне"
"463"|"Загадки о вещах и предметах"
"464"|"Загадки о временах года"
"465"|"Загадки о временах года и днях недели"
"466"|"Загадки о деревьях и растениях"
"467"|"Загадки о диких животных"
"468"|"Загадки о домашних животных"
"469"|"Загадки о еде"
"470"|"Загадки о еде и продуктах питания"
"471"|"Загадки о знаках препинания"
"472"|"Загадки о качелях"
"473"|"Загадки о книгах"
"474"|"Загадки о книгах и чтении"
"475"|"Загадки о коронавирусе"
"476"|"Загадки о лисе"
"477"|"Загадки о мебели"
"478"|"Загадки о медведях"
"479"|"Загадки о мороженом"
"480"|"Загадки о насекомых"
"481"|"Загадки о падежах"
"482"|"Загадки о предметах быта"
"483"|"Загадки о природе"
"484"|"Загадки о природе и природных явлениях"
"485"|"Загадки о птицах"
"486"|"Загадки о растениях"
"487"|"Загадки о рыбах"
"488"|"Загадки о скворце"
"489"|"Загадки о теле человека"
"490"|"Загадки о технике и транспорте"
"491"|"Загадки о цвете"
"492"|"Загадки об одежде и обуви"
"493"|"Загадки обманки"
"494"|"Загадки от 8 лет (с ответами)"
"495"|"Загадки по биологии"
"496"|"Загадки по возрасту"
"497"|"Загадки по географии"
"498"|"Загадки по ПДД"
"499"|"Загадки по правилам дорожного движения"
"500"|"Загадки по произведениям"
"501"|"Загадки по русскому языку"
"502"|"Загадки по химии"
"503"|"Загадки по экологии"
"504"|"Загадки про аиста"
"505"|"Загадки про аквариум"
"506"|"Загадки про аквариумных рыбок"
"507"|"Загадки про акул"
"508"|"Загадки про арбуз"
"509"|"Загадки про астру"
"510"|"Загадки про бабочку"
"511"|"Загадки про балкон"
"512"|"Загадки про баню"
"513"|"Загадки про бассейн"
"514"|"Загадки про белку"
"515"|"Загадки про березу"
"516"|"Загадки про блох"
"517"|"Загадки про божью коровку"
"518"|"Загадки про буквы"
"519"|"Загадки про буквы алфавита"
"520"|"Загадки про бытовые приборы"
"521"|"Загадки про василек"
"522"|"Загадки про весну"
"523"|"Загадки про вещи"
"524"|"Загадки про воду"
"525"|"Загадки про воздух"
"526"|"Загадки про волка"
"527"|"Загадки про воробьев"
"528"|"Загадки про воробья"
"529"|"Загадки про ворону"
"530"|"Загадки про врачей"
"531"|"Загадки про времена года"
"532"|"Загадки про время"
"533"|"Загадки про гвоздику"
"534"|"Загадки про голубя"
"535"|"Загадки про города"
"536"|"Загадки про грача"
"537"|"Загадки про грибы"
"538"|"Загадки про гусеницу"
"539"|"Загадки про Деда Мороза и Снегурочку"
"540"|"Загадки про дельфинов"
"541"|"Загадки про День святого Валентина"
"542"|"Загадки про деревья"
"543"|"Загадки про диких животных"
"544"|"Загадки про дождь"
"545"|"Загадки про дом"
"546"|"Загадки про домашних животных"
"547"|"Загадки про домашних птиц"
"548"|"Загадки про дорогу"
"549"|"Загадки про дорожное движение"
"550"|"Загадки про дорожные знаки"
"551"|"Загадки про дрозда"
"552"|"Загадки про дружбу"
"553"|"Загадки про дуб"
"554"|"Загадки про душ"
"555"|"Загадки про дятла"
"556"|"Загадки про еду"
"557"|"Загадки про ежа"
"558"|"Загадки про ежика"
"559"|"Загадки про ёлку"
"560"|"Загадки про ерша"
"561"|"Загадки про жаворонка"
"562"|"Загадки про животных"
"563"|"Загадки про жирафа"
"564"|"Загадки про жука"
"565"|"Загадки про журавля"
"566"|"Загадки про зайца"
"567"|"Загадки про зайцев"
"568"|"Загадки про здоровье"
"569"|"Загадки про зебру"
"570"|"Загадки про зиму"
"571"|"Загадки про змей"
"572"|"Загадки про иву"
"573"|"Загадки про имена"
"574"|"Загадки про инструменты"
"575"|"Загадки про июнь"
"576"|"Загадки про кактус"
"577"|"Загадки про камбалу"
"578"|"Загадки про кита"
"579"|"Загадки про клён"
"580"|"Загадки про клеста"
"581"|"Загадки про комара"
"582"|"Загадки про корову"
"583"|"Загадки про косаток"
"584"|"Загадки про космос"
"585"|"Загадки про кошек"
"586"|"Загадки про кошку"
"587"|"Загадки про кролика"
"588"|"Загадки про кузнечика"
"589"|"Загадки про кукушку"
"590"|"Загадки про куликов"
"591"|"Загадки про курицу"
"592"|"Загадки про кухонные приборы"
"593"|"Загадки про ландыш"
"594"|"Загадки про ландыши"
"595"|"Загадки про ласточку"
"596"|"Загадки про лебедя"
"597"|"Загадки про лес"
"598"|"Загадки про лесных животных"
"599"|"Загадки про лето"
"600"|"Загадки про лилии"
"601"|"Загадки про липу"
"602"|"Загадки про лису"
"603"|"Загадки про лошадей"
"604"|"Загадки про льва"
"605"|"Загадки про львов"
"606"|"Загадки про людей"
"607"|"Загадки про мак"
"608"|"Загадки про мамины вещи"
"609"|"Загадки про Масленицу"
"610"|"Загадки про медведя"
"611"|"Загадки про морских животных"
"612"|"Загадки про морского конька"
"613"|"Загадки про моряков"
"614"|"Загадки про музыку и музыкальные инструменты"
"615"|"Загадки про мультики"
"616"|"Загадки про муравьев"
"617"|"Загадки про муравья"
"618"|"Загадки про мух"
"619"|"Загадки про мышку"
"620"|"Загадки про мышь"
"621"|"Загадки про насекомых"
"622"|"Загадки про Новый год"
"623"|"Загадки про носорога"
"624"|"Загадки про ноты"
"625"|"Загадки про ноты для детей"
"626"|"Загадки про ноты и музыкальные загадки"
"627"|"Загадки про овощи"
"628"|"Загадки про овощи и фрукты"
"629"|"Загадки про огонь"
"630"|"Загадки про одежду"
"631"|"Загадки про одуванчик"
"632"|"Загадки про окуня"
"633"|"Загадки про оленя"
"634"|"Загадки про орла"
"635"|"Загадки про осень"
"636"|"Загадки про осу"
"637"|"Загадки про Пасху"
"638"|"Загадки про паука"
"639"|"Загадки про перелётных птиц"
"640"|"Загадки про петуха"
"641"|"Загадки про пешехода и переход"
"642"|"Загадки про пилота"
"643"|"Загадки про планеты"
"644"|"Загадки про повара"
"645"|"Загадки про подснежник"
"646"|"Загадки про подсолнух"
"647"|"Загадки про посуду"
"648"|"Загадки про предметы"
"649"|"Загадки про природные явления"
"650"|"Загадки про природу"
"651"|"Загадки про профессии"
"652"|"Загадки про птиц"
"653"|"Загадки про пчелу"
"654"|"Загадки про растения"
"655"|"Загадки про розу"
"656"|"Загадки про ромашку"
"657"|"Загадки про Россию"
"658"|"Загадки про рыб"
"659"|"Загадки про рыбок"
"660"|"Загадки про рябину"
"661"|"Загадки про самолет"
"662"|"Загадки про сверчка"
"663"|"Загадки про светлячка"
"664"|"Загадки про светофор"
"665"|"Загадки про семью"
"666"|"Загадки про семью и друзей"
"667"|"Загадки про синицу"
"668"|"Загадки про сказки"
"669"|"Загадки про сказочных героев"
"670"|"Загадки про скворца"
"671"|"Загадки про слона"
"672"|"Загадки про снег"
"673"|"Загадки про снег и снежинки"
"674"|"Загадки про снегиря"
"675"|"Загадки про снеговика"
"676"|"Загадки про собак"
"677"|"Загадки про собаку"
"678"|"Загадки про сову"
"679"|"Загадки про солнце"
"680"|"Загадки про соловья"
"681"|"Загадки про сома"
"682"|"Загадки про сороку"
"683"|"Загадки про сосну"
"684"|"Загадки про спорт"
"685"|"Загадки про стрекозу"
"686"|"Загадки про стрижа"
"687"|"Загадки про таракана"
"688"|"Загадки про телевизор"
"689"|"Загадки про телефон"
"690"|"Загадки про тигра"
"691"|"Загадки про тополь"
"692"|"Загадки про транспорт"
"693"|"Загадки про транспорт и машины"
"694"|"Загадки про тюльпан"
"695"|"Загадки про улитку"
"696"|"Загадки про учителя"
"697"|"Загадки про фиалку"
"698"|"Загадки про фигуры"
"699"|"Загадки про фрукты"
"700"|"Загадки про художника"
"701"|"Загадки про цаплю"
"702"|"Загадки про цветы"
"703"|"Загадки про цифры"
"704"|"Загадки про цыпленка"
"705"|"Загадки про часы"
"706"|"Загадки про червяка"
"707"|"Загадки про черепаху"
"708"|"Загадки про чижа"
"709"|"Загадки про шапку"
"710"|"Загадки про шарики"
"711"|"Загадки про шиповник"
"712"|"Загадки про школу"
"713"|"Загадки про шмеля"
"714"|"Загадки про щуку"
"715"|"Загадки про яблоко"
"716"|"Загадки про ягоды"
"717"|"Загадки с глаголами"
"718"|"Загадки с местоимениями"
"719"|"Загадки с ответами"
"720"|"Загадки с подвохом"
"721"|"Загадки с подвохом для детей"
"722"|"Загадки с подвохом и на логику"
"723"|"Загадки с прилагательными"
"724"|"Загадки с существительными"
"725"|"Загадки с числительными"
"726"|"Загадки Чуковского"
"727"|"Загадки Шерлока Холмса"
"728"|"Загадки для детей"
"729"|"Загадки-сравнения"
"730"|"Загадки Старца Фура"
"731"|"Загар"
"732"|"Залив"
"733"|"Замок"
"734"|"Занавески"
"735"|"Заря"
"736"|"Зарянка"
"737"|"Заяц"
"738"|"Звёзды"
"739"|"Зверобой"
"740"|"Звонок"
"741"|"Здоровье"
"742"|"Зебра"
"743"|"Зелень"
"744"|"Землеройка"
"745"|"Земля"
"746"|"Земляника"
"747"|"Земноводные"
"748"|"Зеркало"
"749"|"Зерно"
"750"|"Зерновые"
"751"|"Зефир"
"752"|"Зима"
"753"|"Зимние виды спорта"
"754"|"Злаки"
"755"|"Змея"
"756"|"Знаки зодиака"
"757"|"Знаки препинания"
"758"|"Золушка"
"759"|"Зонт"
"760"|"Зубная паста"
"761"|"Зубная щетка"
"762"|"Зубр"
"763"|"Зубы"
"764"|"И"
"765"|"Ива"
"766"|"Иван-Царевич"
"767"|"Иволга"
"768"|"Игла"
"769"|"Игрушки"
"770"|"Игры"
"771"|"Из литературы"
"772"|"изумруд"
"773"|"Изюм"
"774"|"Икра"
"775"|"Имбирь"
"776"|"Имена"
"777"|"Имя"
"778"|"Индюк"
"779"|"Иней"
"780"|"Инженерные сооружения"
"781"|"Инструменты"
"782"|"Ирис"
"783"|"Испания"
"784"|"Исторические"
"785"|"Исторические загадки"
"786"|"Италия"
"787"|"Июль"
"788"|"Июнь"
"789"|"Й"
"790"|"К"
"791"|"Кабан"
"792"|"Кабачок"
"793"|"Казуар"
"794"|"Какао"
"795"|"Кактусы"
"796"|"Календарь"
"797"|"Календула"
"798"|"Калина"
"799"|"Калория"
"800"|"Калькулятор"
"801"|"Камбала"
"802"|"Каменщик"
"803"|"Камзол"
"804"|"Камни"
"805"|"Камыш"
"806"|"Канарейка"
"807"|"Каникулы"
"808"|"Канцелярские товары"
"809"|"Капель"
"810"|"Капитан"
"811"|"Капкан"
"812"|"Капля"
"813"|"Капуста"
"814"|"Капюшон"
"815"|"Карабас"
"816"|"Каравай"
"817"|"Каракатица"
"818"|"Каракурт"
"819"|"Карандаш"
"820"|"Карась"
"821"|"Карачун"
"822"|"Кардиолог"
"823"|"Карета"
"824"|"Кариес"
"825"|"Каркаде"
"826"|"Карлсон"
"827"|"Карнавал"
"828"|"Каротин"
"829"|"Карп"
"830"|"Карта"
"831"|"Картофель"
"832"|"Карты игральные"
"833"|"Кастрюля"
"834"|"Катер"
"835"|"Кафе"
"836"|"Каша"
"837"|"Квартира"
"838"|"Квас"
"839"|"Кедр"
"840"|"Кенгуру"
"841"|"Кентавр"
"842"|"Кёрлинг"
"843"|"Кефир"
"844"|"Кикимора"
"845"|"Киногерои"
"846"|"Кислота"
"847"|"Кисть"
"848"|"Кит"
"849"|"Китай"
"850"|"Клапан"
"851"|"Кларнет"
"852"|"Класс"
"853"|"Клевер"
"854"|"Клей"
"855"|"Клён"
"856"|"Клест"
"857"|"Клещ"
"858"|"Клоп"
"859"|"Клоун"
"860"|"Клубника"
"861"|"Клубок"
"862"|"Клюква"
"863"|"Ключ"
"864"|"Книга"
"865"|"Княжна"
"866"|"Коала"
"867"|"Кобра"
"868"|"Кобчик"
"869"|"Ковёр"
"870"|"Ковш"
"871"|"Код"
"872"|"Коза"
"873"|"Козёл"
"874"|"Козлята(грибы)"
"875"|"Кокос"
"876"|"Колготки"
"877"|"Колибри"
"878"|"Колизей"
"879"|"Колобок"
"880"|"Колодец"
"881"|"Колокол"
"882"|"Колокольчик"
"883"|"Кольраби"
"884"|"Комар"
"885"|"Комбайн"
"886"|"Комбайнёр"
"887"|"Комета"
"888"|"Комнатные цветы"
"889"|"Компас"
"890"|"Композитор"
"891"|"Компьютер"
"892"|"Кондитер"
"893"|"Кондуктор"
"894"|"Контрабас"
"895"|"Контролёр"
"896"|"Конфеты"
"897"|"Коньки"
"898"|"Корабли"
"899"|"Кораллы"
"900"|"Корм для животных"
"901"|"Кормушка"
"902"|"Корни"
"903"|"Корова"
"904"|"Короткие детские загадки"
"905"|"Коса"
"906"|"Косметика"
"907"|"Космонавт"
"908"|"Космос"
"909"|"Костер"
"910"|"Костюм"
"911"|"Костюмер"
"912"|"Косынка"
"913"|"Коты"
"914"|"Кофе"
"915"|"Кошелек"
"916"|"Краб"
"917"|"Кран"
"918"|"Крановщик"
"919"|"Крапива"
"920"|"Красная шапочка"
"921"|"Краснопёрка"
"922"|"Красота"
"923"|"Кресло"
"924"|"Кровать"
"925"|"Кройка"
"926"|"Крокодил"
"927"|"Кролик"
"928"|"Крот"
"929"|"Крыжовник"
"930"|"Крылатые выражения"
"931"|"Крыльцо"
"932"|"Крючок вязальный"
"933"|"Ксерокс"
"934"|"Кубики"
"935"|"Кувшинка"
"936"|"Кузнечик"
"937"|"Кузница"
"938"|"Кукла"
"939"|"Кукуруза"
"940"|"Кукушка"
"941"|"Кулик"
"942"|"Курица"
"943"|"Куропатки"
"944"|"Кустарники"
"945"|"Кухня"
"946"|"Кухонные принадлежности"
"947"|"Л"
"948"|"Лавина"
"949"|"Лавровый лист"
"950"|"Ладога"
"951"|"Ладонь"
"952"|"Лайм"
"953"|"Лактоза"
"954"|"Лампочка"
"955"|"Ландыш"
"956"|"Лапта"
"957"|"Лапша"
"958"|"Ласка"
"959"|"Ласточка"
"960"|"Ласты"
"961"|"Лебедь"
"962"|"Лев"
"963"|"Легкие загадки"
"964"|"Лёд"
"965"|"Ледокол"
"966"|"Лейка"
"967"|"Лейкопластырь"
"968"|"Лекало"
"969"|"Лекарственные растения"
"970"|"Лемминг"
"971"|"Ленивец"
"972"|"Лень"
"973"|"Леопард"
"974"|"Лес"
"975"|"Лесник"
"976"|"Лесостепь"
"977"|"Лестница"
"978"|"Летние виды спорта"
"979"|"Лето"
"980"|"Летучая мышь"
"981"|"Летчик"
"982"|"Лидер"
"983"|"Лилии"
"984"|"Лимон"
"985"|"Линейка"
"986"|"Липа"
"987"|"Лирохвост"
"988"|"Лиса"
"989"|"Лисички"
"990"|"Лиственница"
"991"|"Листопад"
"992"|"Листья"
"993"|"Литература"
"994"|"Литературные загадки"
"995"|"Литературные герои"
"996"|"Лифт"
"997"|"Лицо"
"998"|"Лишнее слово"
"999"|"Лоб"
"1000"|"Лобстер"
"1001"|"Логические загадки"
"1002"|"Логогрифы"
"1003"|"Лодка"
"1004"|"Ложка"
"1005"|"Локоть"
"1006"|"Лондон"
"1007"|"Лопата"
"1008"|"Лопух"
"1009"|"Лор"
"1010"|"Лось"
"1011"|"Лото"
"1012"|"Лошадь"
"1013"|"Лужа"
"1014"|"Лук"
"1015"|"Лук(оружие)"
"1016"|"Луна"
"1017"|"Лунь"
"1018"|"Лыжи"
"1019"|"Любовь"
"1020"|"Люди"
"1021"|"Люстра"
"1022"|"Лютики"
"1023"|"Лягушка"
"1024"|"М"
"1025"|"Магазин"
"1026"|"Магнит"
"1027"|"Мадрид"
"1028"|"Май"
"1029"|"Майоран"
"1030"|"Майский жук"
"1031"|"Мак"
"1032"|"Макароны"
"1033"|"Маклер"
"1034"|"Малина"
"1035"|"Мальвина"
"1036"|"Маляр"
"1037"|"Мама"
"1038"|"Мандарин"
"1039"|"Маникюр"
"1040"|"Маргаритки"
"1041"|"Марка"
"1042"|"Марс"
"1043"|"Март"
"1044"|"Маска"
"1045"|"Маскарад"
"1046"|"Масленица"
"1047"|"Маслёнок"
"1048"|"Масло"
"1049"|"Математика"
"1050"|"Математические"
"1051"|"Математические загадки"
"1052"|"Матрешка"
"1053"|"матросы"
"1054"|"Мать-и-мачеха"
"1055"|"Машина"
"1056"|"Машинист"
"1057"|"Маяк"
"1058"|"Мебель"
"1059"|"Мед"
"1060"|"Медведь"
"1061"|"Медицина"
"1062"|"Медицинские профессии"
"1063"|"Медсестра"
"1064"|"Медуза"
"1065"|"Мел"
"1066"|"Мелиоратор"
"1067"|"Меридиан"
"1068"|"Мерка"
"1069"|"Меркурий"
"1070"|"Месяцы"
"1071"|"Метаграммы"
"1072"|"Металл"
"1073"|"Металлы"
"1074"|"Метель"
"1075"|"Метеорит"
"1076"|"Метро"
"1077"|"Мидии"
"1078"|"Микробы"
"1079"|"Мимоза"
"1080"|"Мифы"
"1081"|"Мозг"
"1082"|"Мокрица"
"1083"|"Моллюски"
"1084"|"Молния"
"1085"|"Молоко"
"1086"|"Молоток"
"1087"|"Молочные продукты"
"1088"|"Молчание"
"1089"|"Монеты"
"1090"|"Мопед"
"1091"|"Море"
"1092"|"Морж"
"1093"|"Морковь"
"1094"|"Мороженое"
"1095"|"Мороз"
"1096"|"Морская звезда"
"1097"|"Морские загадки"
"1098"|"Морские обитатели"
"1099"|"Морские суда"
"1100"|"Морской конёк"
"1101"|"Моряк"
"1102"|"Мост"
"1103"|"Моток"
"1104"|"Моховик"
"1105"|"Мочалка"
"1106"|"Моющие средства"
"1107"|"Мудрец"
"1108"|"Музыка"
"1109"|"Музыкальные загадки"
"1110"|"Музыкальные инструменты"
"1111"|"Мука"
"1112"|"Мультфильмы"
"1113"|"Муравейник"
"1114"|"Муравьи"
"1115"|"Муха"
"1116"|"Мухомор"
"1117"|"Мушкетеры"
"1118"|"Мыло"
"1119"|"Мыльные пузыри"
"1120"|"Мышцы"
"1121"|"Мышь"
"1122"|"Мясорубка"
"1123"|"Мята"
"1124"|"Мяч"
"1125"|"Н"
"1126"|"Налим"
"1127"|"На логику"
"1128"|"Наперсток"
"1129"|"Напитки"
"1130"|"Нарвал"
"1131"|"Нарцисс"
"1132"|"Насекомые"
"1133"|"Насос"
"1134"|"Настурция"
"1135"|"Наушники"
"1136"|"Небо"
"1137"|"Незабудки"
"1138"|"Незнайка"
"1139"|"Нектар"
"1140"|"Нептун"
"1141"|"Несмеяна"
"1142"|"Несъедобные грибы"
"1143"|"Нефть"
"1144"|"Никотин"
"1145"|"Нитки"
"1146"|"НЛО"
"1147"|"Новогодние украшения"
"1148"|"Новый год"
"1149"|"Ноги"
"1150"|"Ноготки"
"1151"|"Нож"
"1152"|"Ножницы"
"1153"|"Ноль"
"1154"|"Нора"
"1155"|"Нос"
"1156"|"Носильщик"
"1157"|"Носки"
"1158"|"Носовой платок"
"1159"|"Носорог"
"1160"|"Ностальгические"
"1161"|"Ноты"
"1162"|"Ночь"
"1163"|"Ноябрь"
"1164"|"Ням-ням"
"1165"|"Няня"
"1166"|"О"
"1167"|"Обезьяна"
"1168"|"Обида"
"1169"|"Облака"
"1170"|"Облепиха"
"1171"|"Обувь"
"1172"|"Общественный транспорт"
"1173"|"Овес"
"1174"|"Овощи"
"1175"|"Овсянка(птица)"
"1176"|"Овца"
"1177"|"Овцебык"
"1178"|"Огонь"
"1179"|"Огород"
"1180"|"Огурец"
"1181"|"Одежда"
"1182"|"Одиночество"
"1183"|"Одуванчик"
"1184"|"Окно"
"1185"|"Окрошка"
"1186"|"Окружающий мир"
"1187"|"Октябрь"
"1188"|"Окулист"
"1189"|"Окунь"
"1190"|"Олень"
"1191"|"Ондатра"
"1192"|"Опахало"
"1193"|"Опята"
"1194"|"Орган"
"1195"|"Организм"
"1196"|"Орел"
"1197"|"Орех"
"1198"|"Орешник"
"1199"|"Оружие"
"1200"|"Оса"
"1201"|"Осел"
"1202"|"Осень"
"1203"|"Осина"
"1204"|"Осло"
"1205"|"Осот"
"1206"|"Осьминог"
"1207"|"Отвертка"
"1208"|"Отдых"
"1209"|"Отпуск"
"1210"|"Отражение"
"1211"|"Охота"
"1212"|"Очки"
"1213"|"П"
"1214"|"Павлин"
"1215"|"Пакет"
"1216"|"Палатка"
"1217"|"Палиндромы"
"1218"|"Пальто"
"1219"|"Пальцы"
"1220"|"Панама"
"1221"|"Панда"
"1222"|"Папа"
"1223"|"Папильотки"
"1224"|"Папоротник"
"1225"|"Парашют"
"1226"|"Парашютист"
"1227"|"Париж"
"1228"|"Парикмахер"
"1229"|"Пастернак"
"1230"|"Пастух"
"1231"|"Патиссон"
"1232"|"Паук"
"1233"|"Паукообразные"
"1234"|"Паутина"
"1235"|"Педиатр"
"1236"|"Пеликан"
"1237"|"Пельмени"
"1238"|"Пенал"
"1239"|"Перец"
"1240"|"Персик"
"1241"|"Персонажи книг"
"1242"|"Перчатки"
"1243"|"Песец"
"1244"|"Пескарь"
"1245"|"Песок"
"1246"|"Петрушка"
"1247"|"Петуния"
"1248"|"Петух"
"1249"|"Печь"
"1250"|"Пешеходный переход"
"1251"|"Пижма"
"1252"|"Пила"
"1253"|"Пингвин"
"1254"|"Пионы"
"1255"|"Пиранья"
"1256"|"Пиратские загадки"
"1257"|"Пирог"
"1258"|"Пирожное"
"1259"|"Писатели"
"1260"|"Письмо"
"1261"|"Пиявка"
"1262"|"Планер"
"1263"|"Планеты"
"1264"|"Платок"
"1265"|"Платье"
"1266"|"Плита"
"1267"|"Плоды"
"1268"|"Плот"
"1269"|"Плотник"
"1270"|"Плутон"
"1271"|"Пляж"
"1272"|"По возрасту"
"1273"|"Повар"
"1274"|"Поганки"
"1275"|"Погода"
"1276"|"Пограничник"
"1277"|"Подарки"
"1278"|"Подберёзовик"
"1279"|"Подвиг"
"1280"|"Подводная лодка"
"1281"|"Подорожник"
"1282"|"Подосиновик"
"1283"|"Подснежник"
"1284"|"Подсолнух"
"1285"|"Подушка"
"1286"|"Подъемный кран"
"1287"|"Поезд"
"1288"|"Пожарная машина"
"1289"|"Пожарный"
"1290"|"Поземка"
"1291"|"Пол"
"1292"|"Поле"
"1293"|"Полевые цветы"
"1294"|"Полезные ископаемые"
"1295"|"Поливальная машина"
"1296"|"Политика"
"1297"|"Полицейский"
"1298"|"Половик"
"1299"|"Половник"
"1300"|"Полотенце"
"1301"|"Полярная Крачка"
"1302"|"Помада"
"1303"|"Помидор"
"1304"|"Попугай"
"1305"|"Популярные"
"1306"|"Поросенок"
"1307"|"Портфель"
"1308"|"Портянки"
"1309"|"Порядок"
"1310"|"Последовательности"
"1311"|"Пословицы и поговорки"
"1312"|"Посуда"
"1313"|"Потолок"
"1314"|"Почтальон"
"1315"|"Почтовый ящик"
"1316"|"Пошлые"
"1317"|"Пояс"
"1318"|"Правила дорожного движения"
"1319"|"Праздники"
"1320"|"Предательство"
"1321"|"Пресноводные рыбы"
"1322"|"Пресса"
"1323"|"Приказы"
"1324"|"Прикольные"
"1325"|"Прикольные загадки"
"1326"|"Примус"
"1327"|"Приправы"
"1328"|"Природа"
"1329"|"Природа и время"
"1330"|"Природные явления"
"1331"|"Пробка"
"1332"|"Проводник"
"1333"|"Прогул"
"1334"|"Продавец"
"1335"|"Продукты"
"1336"|"Прорубь"
"1337"|"Простоквашино"
"1338"|"Профессии"
"1339"|"Пряники"
"1340"|"Пряности"
"1341"|"Птицы"
"1342"|"Пугало"
"1343"|"Пуговица"
"1344"|"Пума"
"1345"|"Пустота"
"1346"|"Пустыня"
"1347"|"Пушкин"
"1348"|"Пчела"
"1349"|"Пылесос"
"1350"|"Пыль"
"1351"|"Р"
"1352"|"Работа"
"1353"|"Рабочий"
"1354"|"Радист"
"1355"|"Радуга"
"1356"|"Разведка"
"1357"|"Разговор"
"1358"|"Разное"
"1359"|"Разные"
"1360"|"Рак"
"1361"|"Ракета"
"1362"|"Ракообразные"
"1363"|"Рантье"
"1364"|"Рапс"
"1365"|"Раскладушка"
"1366"|"Распорядок дня"
"1367"|"Распоряжения"
"1368"|"Рассвет"
"1369"|"Растения"
"1370"|"Растения из Красной книги"
"1371"|"Растительное масло"
"1372"|"Расческа"
"1373"|"Ребусы"
"1374"|"Ревень"
"1375"|"Регби"
"1376"|"Редис"
"1377"|"Редька"
"1378"|"Река"
"1379"|"Реки"
"1380"|"Ремень"
"1381"|"Ремесла"
"1382"|"Ремонт"
"1383"|"Рентген"
"1384"|"Рентгенолог"
"1385"|"Репа"
"1386"|"Репейник"
"1387"|"Рептилия"
"1388"|"Респиратор"
"1389"|"Ресурфейсер"
"1390"|"Рефери"
"1391"|"Решето"
"1392"|"Рим"
"1393"|"Ринг"
"1394"|"Рис"
"1395"|"Родина"
"1396"|"Родинка"
"1397"|"Родник"
"1398"|"Родственники"
"1399"|"Рожь"
"1400"|"Розетка"
"1401"|"Розы"
"1402"|"Ромашка"
"1403"|"Роса"
"1404"|"Росомаха"
"1405"|"Роспись"
"1406"|"Россия"
"1407"|"Рот"
"1408"|"Ротан"
"1409"|"Рояль"
"1410"|"Ртуть"
"1411"|"Рубанок"
"1412"|"Рубашка"
"1413"|"Рукавички"
"1414"|"Руки"
"1415"|"Рукоделие"
"1416"|"Рулетка"
"1417"|"Русские народные загадки"
"1418"|"Русский язык"
"1419"|"Ручей"
"1420"|"Ручка"
"1421"|"Рыбак"
"1422"|"Рыбалка"
"1423"|"Рыбы"
"1424"|"Рыжик"
"1425"|"Рысь"
"1426"|"Рюкзак"
"1427"|"Рябина"
"1428"|"С"
"1429"|"Сад"
"1430"|"Садко"
"1431"|"Садовые инструменты"
"1432"|"Сазан"
"1433"|"Сайгак"
"1434"|"Саксофон"
"1435"|"Салат"
"1436"|"Сало"
"1437"|"Салют"
"1438"|"Самбо"
"1439"|"Самовар"
"1440"|"Самолет"
"1441"|"Самоцветы"
"1442"|"Самурай"
"1443"|"Санки"
"1444"|"Сантехник"
"1445"|"Сапоги"
"1446"|"Сапожник"
"1447"|"Саранча"
"1448"|"Сатира"
"1449"|"Сатурн"
"1450"|"Сахар"
"1451"|"Сборник загадок"
"1452"|"Сварщик"
"1453"|"Свекла"
"1454"|"Сверчок"
"1455"|"Свет"
"1456"|"Светлячок"
"1457"|"Светофор"
"1458"|"Свеча"
"1459"|"Свинья"
"1460"|"Свиристели"
"1461"|"Сегвей"
"1462"|"Сельдерей"
"1463"|"Сельдь"
"1464"|"Семена"
"1465"|"Семья"
"1466"|"Сено"
"1467"|"Сенокос"
"1468"|"Сентябрь"
"1469"|"Сервант"
"1470"|"Сердце"
"1471"|"Серп"
"1472"|"Сессия"
"1473"|"Сестра"
"1474"|"Сиг"
"1475"|"Сигнальщик"
"1476"|"Сила"
"1477"|"Синица"
"1478"|"Синяк"
"1479"|"Сирень"
"1480"|"Сито"
"1481"|"Сказка «Золотой ключик»"
"1482"|"Сказка «Снежная королева»"
"1483"|"Сказки"
"1484"|"Сказочные персонажи"
"1485"|"Скалка"
"1486"|"Скат"
"1487"|"Скатерть"
"1488"|"Скафандр"
"1489"|"Скворечник"
"1490"|"Скворцы"
"1491"|"Скелетон"
"1492"|"Сковородка"
"1493"|"Скорая помощь"
"1494"|"Скороговорки"
"1495"|"Скорпион"
"1496"|"Скотч"
"1497"|"Скрипка"
"1498"|"Скунс"
"1499"|"Сладости"
"1500"|"Слалом"
"1501"|"Слезы"
"1502"|"Слива"
"1503"|"Слова"
"1504"|"Слога"
"1505"|"Сложные"
"1506"|"Сложные загадки"
"1507"|"Слон"
"1508"|"Смартфоны"
"1509"|"Смекалка"
"1510"|"Смерч"
"1511"|"Смех"
"1512"|"Смешные"
"1513"|"Смешные загадки"
"1514"|"Смокинг"
"1515"|"Смородина"
"1516"|"Сморчок"
"1517"|"Снайпер"
"1518"|"Снег"
"1519"|"Снегирь"
"1520"|"Снеговик"
"1521"|"Снегоуборочная машина"
"1522"|"Снегоход"
"1523"|"Снегурочка"
"1524"|"Снежинка"
"1525"|"Сноп"
"1526"|"Сноуборд"
"1527"|"Собака"
"1528"|"Сова"
"1529"|"Советские"
"1530"|"Советские загадки"
"1531"|"Сок"
"1532"|"Сокол"
"1533"|"Солнце"
"1534"|"Соловей"
"1535"|"Соль"
"1536"|"Сом"
"1537"|"Сон"
"1538"|"Сообразительность"
"1539"|"Соответствия"
"1540"|"Сорняк"
"1541"|"Сорока"
"1542"|"Сороконожка"
"1543"|"Сосиски"
"1544"|"Сосна"
"1545"|"Со спичками"
"1546"|"Сосулька"
"1547"|"Соус"
"1548"|"Спаржа"
"1549"|"Спасатель"
"1550"|"Специальные машины"
"1551"|"Специи"
"1552"|"Спицы"
"1553"|"Спички"
"1554"|"Спор"
"1555"|"Спорт"
"1556"|"Спортивные профессии"
"1557"|"Спортивные снаряды"
"1558"|"Спортинвентарь"
"1559"|"Спорт и туризм"
"1560"|"Средней сложности"
"1561"|"Стадион"
"1562"|"Стакан"
"1563"|"Сталевар"
"1564"|"Старик Хоттабыч"
"1565"|"Старинные слова"
"1566"|"Старые загадки"
"1567"|"Степь"
"1568"|"Стиральная машина"
"1569"|"Стол"
"1570"|"Стоматолог"
"1571"|"Страны"
"1572"|"Страус"
"1573"|"Страх"
"1574"|"Стрекоза"
"1575"|"Стриж"
"1576"|"Строитель"
"1577"|"Строительные инструменты"
"1578"|"Стройка"
"1579"|"Стройматериалы"
"1580"|"Студенты"
"1581"|"Стул"
"1582"|"Судак"
"1583"|"Судья"
"1584"|"Сундук"
"1585"|"Суп"
"1586"|"Суслик"
"1587"|"Сушка"
"1588"|"Счеты"
"1589"|"С шашками"
"1590"|"Сыр"
"1591"|"Сыроежки"
"1592"|"Т"
"1593"|"Табуретка"
"1594"|"Тайга"
"1595"|"Таймень"
"1596"|"Такси"
"1597"|"Таксист"
"1598"|"Танк"
"1599"|"Танкист"
"1600"|"Танцы"
"1601"|"Тапир"
"1602"|"Тапки"
"1603"|"Таракан"
"1604"|"Тарелка"
"1605"|"Татами"
"1606"|"Творог"
"1607"|"Телевидение"
"1608"|"Телевизор"
"1609"|"Теленок"
"1610"|"Телескоп"
"1611"|"Телефон"
"1612"|"Тело человека"
"1613"|"Темнота"
"1614"|"Температура"
"1615"|"Теннис"
"1616"|"Тень"
"1617"|"Терапевт"
"1618"|"Терка"
"1619"|"Термос"
"1620"|"Терраса"
"1621"|"Тесто"
"1622"|"Тетерев"
"1623"|"Тетрадь"
"1624"|"Тетя"
"1625"|"Тибет"
"1626"|"Тигр"
"1627"|"Тишина"
"1628"|"Ткань"
"1629"|"Ткемали"
"1630"|"Токарь"
"1631"|"Токио"
"1632"|"Толкушка"
"1633"|"Тополь"
"1634"|"Топор"
"1635"|"Торт"
"1636"|"Трава"
"1637"|"Травматолог"
"1638"|"Тракторист"
"1639"|"Трамвай"
"1640"|"Транспорт"
"1641"|"Тренер"
"1642"|"Треска"
"1643"|"Тритон"
"1644"|"Троллейбус"
"1645"|"Труд"
"1646"|"Трясогузка"
"1647"|"Тула"
"1648"|"Туман"
"1649"|"Тундра"
"1650"|"Туристы"
"1651"|"Туча"
"1652"|"Тыква"
"1653"|"Тюлени"
"1654"|"Тюльпан"
"1655"|"У"
"1656"|"Увлечения"
"1657"|"Уголь"
"1658"|"Удочка"
"1659"|"Укроп"
"1660"|"Улитка"
"1661"|"Улица"
"1662"|"Улыбка"
"1663"|"Умные загадки"
"1664"|"Умывальник"
"1665"|"Уравнения"
"1666"|"Ураган"
"1667"|"Уран"
"1668"|"Урок"
"1669"|"Утенок"
"1670"|"Утка"
"1671"|"Утро"
"1672"|"Утюг"
"1673"|"Учеба"
"1674"|"Учебные загадки"
"1675"|"Ученые"
"1676"|"Учитель"
"1677"|"Ушат"
"1678"|"Уши"
"1679"|"Ушиб"
"1680"|"Ф"
"1681"|"Фагот"
"1682"|"Фазан"
"1683"|"Фасоль"
"1684"|"Февраль"
"1685"|"Фен"
"1686"|"Фенхель"
"1687"|"Фиалка"
"1688"|"Фигурное катание"
"1689"|"Физика"
"1690"|"Филин"
"1691"|"Философские"
"1692"|"Флаги"
"1693"|"Фламинго"
"1694"|"Флейта"
"1695"|"Флешка"
"1696"|"Фобии"
"1697"|"Фольклор"
"1698"|"Фольклорные загадки"
"1699"|"Фонарь"
"1700"|"Фонтан"
"1701"|"Фотоаппарат"
"1702"|"Фотограф"
"1703"|"Фрак"
"1704"|"Франция"
"1705"|"Фристайл"
"1706"|"Фрукты"
"1707"|"Футбол"
"1708"|"Х"
"1709"|"Халва"
"1710"|"Хамелеон"
"1711"|"Характер"
"1712"|"Хвост"
"1713"|"Хеллоуин"
"1714"|"Хирург"
"1715"|"Хитрость"
"1716"|"Хищники"
"1717"|"Хлеб"
"1718"|"Хлебница"
"1719"|"Хлопушки"
"1720"|"Хмель"
"1721"|"Хобби"
"1722"|"Хоккей"
"1723"|"Холодильник"
"1724"|"Хомяк"
"1725"|"Хрен"
"1726"|"Художник"
"1727"|"Хурма"
"1728"|"Ц"
"1729"|"Цапля"
"1730"|"Цвета"
"1731"|"Цветы"
"1732"|"Цикада"
"1733"|"Цирк"
"1734"|"Циркуль"
"1735"|"Цифры"
"1736"|"Цыпленок"
"1737"|"Ч"
"1738"|"Чабрец"
"1739"|"Чай"
"1740"|"Чайка"
"1741"|"Чайник"
"1742"|"Часы"
"1743"|"Чашка"
"1744"|"Чебак"
"1745"|"Человек"
"1746"|"Человеческие пороки"
"1747"|"Чемодан"
"1748"|"Червяк"
"1749"|"Черёмуха"
"1750"|"Черепаха"
"1751"|"Черника"
"1752"|"Чеснок"
"1753"|"Чиж"
"1754"|"Чижик"
"1755"|"Чиполлино"
"1756"|"Чипполино"
"1757"|"Числа"
"1758"|"Числовые ребусы"
"1759"|"Чистота"
"1760"|"Чистотел"
"1761"|"Чувства"
"1762"|"Чучело"
"1763"|"Ш"
"1764"|"Шампиньон"
"1765"|"Шанс"
"1766"|"Шапка"
"1767"|"Шарады для детей"
"1768"|"Шарф"
"1769"|"Шахматы"
"1770"|"Шахтер"
"1771"|"Шашки"
"1772"|"Шашлык"
"1773"|"Швабра"
"1774"|"Швейная машина"
"1775"|"Швея"
"1776"|"Шерлок Холмс"
"1777"|"Шея"
"1778"|"Шило"
"1779"|"Шиповник"
"1780"|"Шитье"
"1781"|"Шифр"
"1782"|"Шкаф"
"1783"|"Школа"
"1784"|"Школьные принадлежности"
"1785"|"Шланг"
"1786"|"Шляпа"
"1787"|"Шмель"
"1788"|"Шоколад"
"1789"|"Шорты"
"1790"|"Шпинат"
"1791"|"Шторм"
"1792"|"Шуба"
"1793"|"Шуточные"
"1794"|"Щ"
"1795"|"Щавель"
"1796"|"Щегол"
"1797"|"Щёки"
"1798"|"Щенок"
"1799"|"Щетка"
"1800"|"Щука"
"1801"|"Ъ"
"1802"|"Ы"
"1803"|"Ь"
"1804"|"Э"
"1805"|"Эвкалипт"
"1806"|"Экватор"
"1807"|"Экономика"
"1808"|"Экскаватор"
"1809"|"Экскурсовод"
"1810"|"Электрик"
"1811"|"Электрические инструменты"
"1812"|"Электроприборы"
"1813"|"Эму"
"1814"|"Эрудиция"
"1815"|"Эскалатор"
"1816"|"Эхо"
"1817"|"Ю"
"1818"|"Юбка"
"1819"|"Юла"
"1820"|"Юмор"
"1821"|"Юпитер"
"1822"|"Я"
"1823"|"Яблоко"
"1824"|"Ягоды"
"1825"|"Ягуар"
"1826"|"Язык"
"1827"|"Яйцо"
"1828"|"Якорь"
"1829"|"Январь"
"1830"|"Япония"
"1831"|"Ястреб"
"1832"|"Яхта"
"1833"|"Ящерица"
